{
  "model": "AU-V6-Depression-Features",
  "accuracy": 0.5450951321966889,
  "precision": 0.25962910128388017,
  "recall": 0.31191088260497,
  "f1_score": 0.28337874659400547,
  "auc": 0.4623790524135961,
  "specificity": 0.6395833333333333,
  "tp": 364,
  "tn": 1842,
  "fp": 1038,
  "fn": 803,
  "train_participants": 151,
  "test_participants": 38,
  "train_windows": 15818,
  "test_windows": 4047,
  "class_weight_ratio": 2.188470066518847,
  "features": "Original 14 AUs + 6 depression-specific + temporal dynamics"
}