{
  "model": "Landmark-V2",
  "accuracy": 0.5936842105263158,
  "precision": 0.36496350364963503,
  "recall": 0.5454545454545454,
  "f1_score": 0.43731778425655976,
  "auc": 0.6134424242424242,
  "specificity": 0.6133333333333333,
  "tp": 300,
  "tn": 828,
  "fp": 522,
  "fn": 250
}