model,accuracy,precision,recall,f1_score,auc,specificity,tp,tn,fp,fn
Landmark-V2,0.5936842105263158,0.36496350364963503,0.5454545454545454,0.43731778425655976,0.6134424242424242,0.6133333333333333,300,828,522,250
