{
  "all": {
    "accuracy": 0.3951074870274277,
    "precision": 0.265642151481888,
    "recall": 0.622107969151671,
    "f1": 0.3723076923076923,
    "specificity": 0.303125,
    "auc": 0.4751216914214986,
    "tp": 726,
    "tn": 873,
    "fp": 2007,
    "fn": 441
  }
}