Emotion,Male,Female,Difference
Anger,0.32023637714940584,0.34287725406998215,0.022640876920576314
Sadness,0.3994280029918595,0.41837819675801796,0.018950193766158474
Happiness,0.2542205275926442,0.2720592282529702,0.017838700660326
Surprise,0.2781826140382543,0.28405570724504614,0.005873093206791857
Fear,0.3201014494930205,0.32561949712423266,0.005518047631212164
Disgust,0.2835099995340062,0.28042256998818343,0.0030874295458227508
