Emotion,Not_Depressed_Mean,Depressed_Mean,Difference,p_value,cohens_d,significant
Surprise,0.2853956120034218,0.2701760136743902,0.01521959832903158,0.39788359711283416,0.13498129024111044,
Disgust,0.28630055352439104,0.27208589147672474,0.014214662047666304,0.40327160657694205,0.1334433061070533,
Anger,0.3269718736589772,0.3394137924407837,-0.012441918781806505,0.6048365342676093,-0.08257004936790159,
Sadness,0.41180516845088627,0.399472714627667,0.012332453823219292,0.6202138750300261,0.07907144185641643,
Fear,0.3240746739092859,0.3192377226457377,0.004836951263548217,0.801773418925499,0.040049133594693316,
Happiness,0.26192705051937837,0.26363123131037114,-0.0017041807909927709,0.9380430591220094,-0.012398873963779937,
