model,accuracy,precision,recall,f1_score,auc,specificity,tp,tn,fp,fn
Landmark-V3,0.5957894736842105,0.3670731707317073,0.5472727272727272,0.4394160583941606,0.6058383838383838,0.6155555555555555,301,831,519,249
