model,accuracy,precision,recall,f1_score,auc,specificity,tp,tn,fp,fn
Landmark-V3,0.5789473684210527,0.35294117647058826,0.5454545454545454,0.42857142857142855,0.5565111111111112,0.5925925925925926,300,800,550,250
