{
  "model": "Landmark-V3",
  "accuracy": 0.5789473684210527,
  "precision": 0.35294117647058826,
  "recall": 0.5454545454545454,
  "f1_score": 0.42857142857142855,
  "auc": 0.5565111111111112,
  "specificity": 0.5925925925925926,
  "tp": 300,
  "tn": 800,
  "fp": 550,
  "fn": 250
}