{
  "model": "Landmark-V3",
  "accuracy": 0.5957894736842105,
  "precision": 0.3670731707317073,
  "recall": 0.5472727272727272,
  "f1_score": 0.4394160583941606,
  "auc": 0.6058383838383838,
  "specificity": 0.6155555555555555,
  "tp": 301,
  "tn": 831,
  "fp": 519,
  "fn": 249
}