{
  "model": "AU-V5-No-SMOTE",
  "accuracy": 0.5055596738324685,
  "precision": 0.2805263157894737,
  "recall": 0.45672664952870606,
  "f1_score": 0.3475709162047603,
  "auc": 0.4921796153479958,
  "specificity": 0.5253472222222222,
  "tp": 533,
  "tn": 1513,
  "fp": 1367,
  "fn": 634,
  "train_participants": 151,
  "test_participants": 38,
  "train_windows": 15818,
  "test_windows": 4047,
  "class_weight_ratio": 2.188470066518847
}